{
  "loss": [
    0.013044051826000214,
    0.0022257629316300154,
    0.0016552581219002604,
    0.0012634058948606253,
    0.0013781195739284158,
    0.0014014861080795527,
    0.0013051738496869802,
    0.0012890457874163985,
    0.0011242578038945794,
    0.0011411732994019985,
    0.0011393059976398945,
    0.001004945719614625,
    0.000876210571732372,
    0.0010077983606606722,
    0.0009453461389057338,
    0.0009705523261800408,
    0.0008700258331373334,
    0.0009218560880981386,
    0.0010443045757710934,
    0.0008263392955996096,
    0.0009147527744062245,
    0.0008321675122715533,
    0.0008625313057564199,
    0.001066820346750319,
    0.0008884937269613147
  ],
  "val_loss": [
    0.0029723558109253645,
    0.0022200795356184244,
    0.001867243554443121,
    0.0017244619084522128,
    0.0016969004645943642,
    0.002821974456310272,
    0.0020568568725138903,
    0.0014538818504661322,
    0.0014200931182131171,
    0.0013884296640753746,
    0.001338993781246245,
    0.001500453450717032,
    0.0012974056880921125,
    0.0017404897371307015,
    0.0012544646160677075,
    0.0015141644980758429,
    0.0013749434147030115,
    0.0012894781539216638,
    0.0012270848965272307,
    0.0015310007147490978,
    0.0015604444779455662,
    0.001541672507300973,
    0.0010906438110396266,
    0.006066561676561832,
    0.001386050134897232
  ]
}