{
  "loss": [
    0.023199401795864105,
    0.004107808694243431,
    0.0037163691595196724,
    0.003764441469684243,
    0.003399844514206052,
    0.003252620343118906,
    0.003076450899243355,
    0.003116258420050144,
    0.00283854641020298
  ],
  "val_loss": [
    0.0012027289485558867,
    0.001186440815217793,
    0.0011956579983234406,
    0.0010990954469889402,
    0.0015054396353662014,
    0.0011342960642650723,
    0.0020396248437464237,
    0.001482614898122847,
    0.0016545471735298634
  ]
}